algorithm,original_width,original_depth,original_gates,ibmq7_width,ibmq7_depth,ibmq7_gates,ibmq16_width,ibmq16_depth,ibmq16_gates,ibmq27_width,ibmq27_depth,ibmq27_gates,ibmq127_width,ibmq127_depth,ibmq127_gates
ae,10,54,"{'cp': 36, 'cx': 18, 'u': 10, 'measure': 10, 'u2': 9, 'u3': 9, 'h': 9, 'barrier': 1}",-1,-1,{},16,244,"{'rz': 186, 'cx': 164, 'sx': 75, 'measure': 10, 'x': 6, 'barrier': 1}",27,240,"{'rz': 205, 'cx': 151, 'sx': 90, 'measure': 10, 'x': 9, 'barrier': 1}",127,253,"{'rz': 198, 'cx': 167, 'sx': 88, 'measure': 10, 'x': 5, 'barrier': 1}"
ae,11,60,"{'cp': 45, 'cx': 20, 'u': 11, 'measure': 11, 'u2': 10, 'u3': 10, 'h': 10, 'barrier': 1}",-1,-1,{},16,292,"{'rz': 252, 'cx': 197, 'sx': 109, 'measure': 11, 'x': 8, 'barrier': 1}",27,300,"{'rz': 236, 'cx': 213, 'sx': 97, 'measure': 11, 'x': 6, 'barrier': 1}",127,275,"{'rz': 248, 'cx': 196, 'sx': 107, 'measure': 11, 'x': 7, 'barrier': 1}"
ae,12,66,"{'cp': 55, 'cx': 22, 'u': 12, 'measure': 12, 'u2': 11, 'u3': 11, 'h': 11, 'barrier': 1}",-1,-1,{},16,343,"{'rz': 319, 'cx': 260, 'sx': 146, 'measure': 12, 'x': 8, 'barrier': 1}",27,337,"{'rz': 277, 'cx': 258, 'sx': 111, 'measure': 12, 'x': 8, 'barrier': 1}",127,331,"{'rz': 282, 'cx': 256, 'sx': 115, 'measure': 12, 'x': 10, 'barrier': 1}"
ae,13,72,"{'cp': 66, 'cx': 24, 'u': 13, 'measure': 13, 'u2': 12, 'u3': 12, 'h': 12, 'barrier': 1}",-1,-1,{},16,384,"{'rz': 334, 'cx': 319, 'sx': 133, 'measure': 13, 'x': 9, 'barrier': 1}",27,377,"{'rz': 361, 'cx': 305, 'sx': 156, 'x': 14, 'measure': 13, 'barrier': 1}",127,361,"{'cx': 327, 'rz': 307, 'sx': 110, 'measure': 13, 'x': 7, 'barrier': 1}"
ae,14,78,"{'cp': 78, 'cx': 26, 'u': 14, 'measure': 14, 'u2': 13, 'u3': 13, 'h': 13, 'barrier': 1}",-1,-1,{},16,465,"{'rz': 392, 'cx': 378, 'sx': 160, 'x': 14, 'measure': 14, 'barrier': 1}",27,411,"{'cx': 388, 'rz': 372, 'sx': 141, 'measure': 14, 'x': 11, 'barrier': 1}",127,357,"{'rz': 413, 'cx': 342, 'sx': 169, 'measure': 14, 'x': 7, 'barrier': 1}"
ae,15,84,"{'cp': 91, 'cx': 28, 'u': 15, 'measure': 15, 'u2': 14, 'u3': 14, 'h': 14, 'barrier': 1}",-1,-1,{},16,454,"{'cx': 456, 'rz': 425, 'sx': 142, 'measure': 15, 'x': 14, 'barrier': 1}",27,495,"{'rz': 476, 'cx': 438, 'sx': 194, 'x': 18, 'measure': 15, 'barrier': 1}",127,477,"{'cx': 447, 'rz': 436, 'sx': 162, 'measure': 15, 'x': 11, 'barrier': 1}"
ae,16,90,"{'cp': 105, 'cx': 30, 'u': 16, 'measure': 16, 'u2': 15, 'u3': 15, 'h': 15, 'barrier': 1}",-1,-1,{},16,515,"{'cx': 529, 'rz': 465, 'sx': 159, 'measure': 16, 'x': 9, 'barrier': 1}",27,523,"{'cx': 528, 'rz': 479, 'sx': 165, 'measure': 16, 'x': 13, 'barrier': 1}",127,523,"{'cx': 524, 'rz': 477, 'sx': 159, 'measure': 16, 'x': 11, 'barrier': 1}"
ae,17,96,"{'cp': 120, 'cx': 32, 'u': 17, 'measure': 17, 'u2': 16, 'u3': 16, 'h': 16, 'barrier': 1}",-1,-1,{},-1,-1,{},27,617,"{'cx': 625, 'rz': 548, 'sx': 194, 'measure': 17, 'x': 10, 'barrier': 1}",127,571,"{'cx': 593, 'rz': 544, 'sx': 191, 'x': 18, 'measure': 17, 'barrier': 1}"
ae,18,102,"{'cp': 136, 'cx': 34, 'u': 18, 'measure': 18, 'u2': 17, 'u3': 17, 'h': 17, 'barrier': 1}",-1,-1,{},-1,-1,{},27,634,"{'cx': 697, 'rz': 635, 'sx': 226, 'measure': 18, 'x': 17, 'barrier': 1}",127,518,"{'rz': 655, 'cx': 650, 'sx': 239, 'measure': 18, 'x': 11, 'barrier': 1}"
ae,19,108,"{'cp': 153, 'cx': 36, 'u': 19, 'measure': 19, 'u2': 18, 'u3': 18, 'h': 18, 'barrier': 1}",-1,-1,{},-1,-1,{},27,673,"{'rz': 735, 'cx': 712, 'sx': 286, 'x': 25, 'measure': 19, 'barrier': 1}",127,647,"{'rz': 727, 'cx': 727, 'sx': 273, 'x': 19, 'measure': 19, 'barrier': 1}"
ae,2,6,"{'cx': 2, 'u': 2, 'measure': 2, 'u2': 1, 'u3': 1, 'h': 1, 'barrier': 1}",7,10,"{'rz': 9, 'sx': 4, 'cx': 2, 'measure': 2, 'x': 1, 'barrier': 1}",16,10,"{'rz': 9, 'sx': 4, 'cx': 2, 'measure': 2, 'x': 1, 'barrier': 1}",27,10,"{'rz': 9, 'sx': 4, 'cx': 2, 'measure': 2, 'x': 1, 'barrier': 1}",127,10,"{'rz': 9, 'sx': 4, 'cx': 2, 'measure': 2, 'x': 1, 'barrier': 1}"
ae,20,114,"{'cp': 171, 'cx': 38, 'u': 20, 'measure': 20, 'u2': 19, 'u3': 19, 'h': 19, 'barrier': 1}",-1,-1,{},-1,-1,{},27,697,"{'cx': 906, 'rz': 775, 'sx': 253, 'x': 24, 'measure': 20, 'barrier': 1}",127,719,"{'cx': 858, 'rz': 825, 'sx': 302, 'x': 32, 'measure': 20, 'barrier': 1}"
ae,21,120,"{'cp': 190, 'cx': 40, 'u': 21, 'measure': 21, 'u2': 20, 'u3': 20, 'h': 20, 'barrier': 1}",-1,-1,{},-1,-1,{},27,755,"{'cx': 1047, 'rz': 833, 'sx': 267, 'measure': 21, 'x': 19, 'barrier': 1}",127,739,"{'cx': 947, 'rz': 802, 'sx': 261, 'x': 22, 'measure': 21, 'barrier': 1}"
ae,22,126,"{'cp': 210, 'cx': 42, 'u': 22, 'measure': 22, 'u2': 21, 'u3': 21, 'h': 21, 'barrier': 1}",-1,-1,{},-1,-1,{},27,749,"{'cx': 1119, 'rz': 886, 'sx': 270, 'measure': 22, 'x': 17, 'barrier': 1}",127,815,"{'cx': 1009, 'rz': 939, 'sx': 338, 'measure': 22, 'x': 21, 'barrier': 1}"
ae,23,132,"{'cp': 231, 'cx': 44, 'u': 23, 'measure': 23, 'u2': 22, 'u3': 22, 'h': 22, 'barrier': 1}",-1,-1,{},-1,-1,{},27,822,"{'cx': 1238, 'rz': 1003, 'sx': 336, 'x': 26, 'measure': 23, 'barrier': 1}",127,734,"{'rz': 1228, 'cx': 1006, 'sx': 542, 'x': 31, 'measure': 23, 'barrier': 1}"
ae,24,138,"{'cp': 253, 'cx': 46, 'u': 24, 'measure': 24, 'u2': 23, 'u3': 23, 'h': 23, 'barrier': 1}",-1,-1,{},-1,-1,{},27,788,"{'cx': 1239, 'rz': 1142, 'sx': 414, 'x': 34, 'measure': 24, 'barrier': 1}",127,786,"{'cx': 1279, 'rz': 1230, 'sx': 460, 'x': 25, 'measure': 24, 'barrier': 1}"
ae,25,144,"{'cp': 276, 'cx': 48, 'u': 25, 'measure': 25, 'u2': 24, 'u3': 24, 'h': 24, 'barrier': 1}",-1,-1,{},-1,-1,{},27,928,"{'cx': 1391, 'rz': 1095, 'sx': 324, 'x': 28, 'measure': 25, 'barrier': 1}",127,839,"{'rz': 1362, 'cx': 1283, 'sx': 540, 'x': 26, 'measure': 25, 'barrier': 1}"
ae,26,150,"{'cp': 300, 'cx': 50, 'u': 26, 'measure': 26, 'u2': 25, 'u3': 25, 'h': 25, 'barrier': 1}",-1,-1,{},-1,-1,{},27,956,"{'cx': 1504, 'rz': 1226, 'sx': 386, 'x': 29, 'measure': 26, 'barrier': 1}",127,1042,"{'cx': 1527, 'rz': 1181, 'sx': 346, 'x': 30, 'measure': 26, 'barrier': 1}"
ae,27,156,"{'cp': 325, 'cx': 52, 'u': 27, 'measure': 27, 'u2': 26, 'u3': 26, 'h': 26, 'barrier': 1}",-1,-1,{},-1,-1,{},27,1083,"{'cx': 1539, 'rz': 1455, 'sx': 533, 'x': 65, 'measure': 27, 'barrier': 1}",127,979,"{'rz': 1661, 'cx': 1493, 'sx': 733, 'x': 30, 'measure': 27, 'barrier': 1}"
ae,3,12,"{'cx': 4, 'u': 3, 'measure': 3, 'u2': 2, 'u3': 2, 'h': 2, 'cp': 1, 'barrier': 1}",7,23,"{'rz': 17, 'sx': 9, 'cx': 7, 'measure': 3, 'x': 1, 'barrier': 1}",16,34,"{'rz': 19, 'sx': 14, 'cx': 9, 'measure': 3, 'barrier': 1}",27,34,"{'rz': 19, 'sx': 14, 'cx': 9, 'measure': 3, 'barrier': 1}",127,29,"{'rz': 20, 'sx': 14, 'cx': 9, 'measure': 3, 'barrier': 1}"
ae,4,18,"{'cx': 6, 'u': 4, 'measure': 4, 'u2': 3, 'u3': 3, 'h': 3, 'cp': 3, 'barrier': 1}",7,56,"{'rz': 31, 'sx': 20, 'cx': 18, 'measure': 4, 'barrier': 1}",16,56,"{'rz': 31, 'sx': 20, 'cx': 18, 'measure': 4, 'barrier': 1}",27,46,"{'rz': 35, 'sx': 19, 'cx': 14, 'measure': 4, 'x': 2, 'barrier': 1}",127,56,"{'rz': 31, 'sx': 20, 'cx': 18, 'measure': 4, 'barrier': 1}"
ae,5,24,"{'cx': 8, 'cp': 6, 'u': 5, 'measure': 5, 'u2': 4, 'u3': 4, 'h': 4, 'barrier': 1}",7,73,"{'rz': 43, 'cx': 28, 'sx': 24, 'measure': 5, 'barrier': 1}",16,75,"{'rz': 47, 'cx': 28, 'sx': 24, 'measure': 5, 'x': 1, 'barrier': 1}",27,77,"{'rz': 42, 'cx': 32, 'sx': 22, 'measure': 5, 'x': 1, 'barrier': 1}",127,78,"{'rz': 46, 'cx': 30, 'sx': 26, 'measure': 5, 'x': 2, 'barrier': 1}"
ae,6,30,"{'cx': 10, 'cp': 10, 'u': 6, 'measure': 6, 'u2': 5, 'u3': 5, 'h': 5, 'barrier': 1}",7,105,"{'rz': 71, 'cx': 51, 'sx': 36, 'measure': 6, 'x': 2, 'barrier': 1}",16,110,"{'rz': 70, 'cx': 49, 'sx': 36, 'measure': 6, 'x': 1, 'barrier': 1}",27,113,"{'rz': 71, 'cx': 48, 'sx': 36, 'measure': 6, 'x': 3, 'barrier': 1}",127,108,"{'rz': 69, 'cx': 49, 'sx': 32, 'measure': 6, 'x': 2, 'barrier': 1}"
ae,7,36,"{'cp': 15, 'cx': 12, 'u': 7, 'measure': 7, 'u2': 6, 'u3': 6, 'h': 6, 'barrier': 1}",7,135,"{'rz': 98, 'cx': 69, 'sx': 48, 'measure': 7, 'x': 4, 'barrier': 1}",16,141,"{'rz': 93, 'cx': 73, 'sx': 41, 'measure': 7, 'x': 3, 'barrier': 1}",27,139,"{'rz': 103, 'cx': 69, 'sx': 49, 'measure': 7, 'x': 4, 'barrier': 1}",127,147,"{'rz': 103, 'cx': 71, 'sx': 54, 'measure': 7, 'x': 3, 'barrier': 1}"
ae,8,42,"{'cp': 21, 'cx': 14, 'u': 8, 'measure': 8, 'u2': 7, 'u3': 7, 'h': 7, 'barrier': 1}",-1,-1,{},16,164,"{'rz': 134, 'cx': 88, 'sx': 69, 'measure': 8, 'x': 7, 'barrier': 1}",27,175,"{'rz': 140, 'cx': 93, 'sx': 75, 'measure': 8, 'x': 3, 'barrier': 1}",127,174,"{'rz': 124, 'cx': 95, 'sx': 55, 'measure': 8, 'x': 4, 'barrier': 1}"
ae,9,48,"{'cp': 28, 'cx': 16, 'u': 9, 'measure': 9, 'u2': 8, 'u3': 8, 'h': 8, 'barrier': 1}",-1,-1,{},16,196,"{'rz': 165, 'cx': 135, 'sx': 77, 'measure': 9, 'x': 4, 'barrier': 1}",27,214,"{'rz': 157, 'cx': 131, 'sx': 69, 'measure': 9, 'x': 6, 'barrier': 1}",127,202,"{'rz': 182, 'cx': 120, 'sx': 87, 'measure': 9, 'x': 4, 'barrier': 1}"
dj,10,12,"{'u2': 13, 'cx': 9, 'measure': 9, 'h': 6, 'barrier': 1}",-1,-1,{},16,33,"{'rz': 34, 'sx': 20, 'cx': 18, 'measure': 9, 'x': 1, 'barrier': 1}",27,33,"{'rz': 34, 'sx': 20, 'cx': 18, 'measure': 9, 'x': 1, 'barrier': 1}",127,36,"{'rz': 33, 'cx': 23, 'sx': 19, 'measure': 9, 'barrier': 1}"
dj,11,13,"{'u2': 15, 'cx': 10, 'measure': 10, 'h': 6, 'barrier': 1}",-1,-1,{},16,29,"{'rz': 35, 'sx': 21, 'cx': 19, 'measure': 10, 'barrier': 1}",27,34,"{'rz': 36, 'cx': 22, 'sx': 21, 'measure': 10, 'barrier': 1}",127,41,"{'rz': 42, 'sx': 22, 'cx': 20, 'measure': 10, 'x': 4, 'barrier': 1}"
dj,12,14,"{'u2': 15, 'cx': 11, 'measure': 11, 'h': 8, 'barrier': 1}",-1,-1,{},16,43,"{'rz': 43, 'cx': 26, 'sx': 24, 'measure': 11, 'x': 1, 'barrier': 1}",27,42,"{'rz': 43, 'cx': 31, 'sx': 24, 'measure': 11, 'x': 1, 'barrier': 1}",127,40,"{'rz': 44, 'cx': 26, 'sx': 24, 'measure': 11, 'x': 1, 'barrier': 1}"
dj,13,15,"{'u2': 17, 'cx': 12, 'measure': 12, 'h': 8, 'barrier': 1}",-1,-1,{},16,46,"{'rz': 46, 'cx': 27, 'sx': 26, 'measure': 12, 'x': 1, 'barrier': 1}",27,47,"{'rz': 47, 'sx': 27, 'cx': 25, 'measure': 12, 'x': 2, 'barrier': 1}",127,42,"{'rz': 42, 'cx': 29, 'sx': 25, 'measure': 12, 'barrier': 1}"
dj,14,16,"{'u2': 19, 'cx': 13, 'measure': 13, 'h': 8, 'barrier': 1}",-1,-1,{},16,56,"{'rz': 55, 'sx': 30, 'cx': 29, 'measure': 13, 'x': 3, 'barrier': 1}",27,49,"{'rz': 51, 'sx': 29, 'cx': 27, 'measure': 13, 'x': 2, 'barrier': 1}",127,53,"{'rz': 50, 'cx': 33, 'sx': 29, 'measure': 13, 'x': 2, 'barrier': 1}"
dj,15,17,"{'u2': 19, 'cx': 14, 'measure': 14, 'h': 10, 'barrier': 1}",-1,-1,{},16,50,"{'rz': 55, 'sx': 31, 'cx': 28, 'measure': 14, 'x': 2, 'barrier': 1}",27,51,"{'rz': 56, 'sx': 31, 'cx': 29, 'measure': 14, 'x': 2, 'barrier': 1}",127,57,"{'rz': 54, 'cx': 44, 'sx': 30, 'measure': 14, 'x': 1, 'barrier': 1}"
dj,16,18,"{'u2': 19, 'cx': 15, 'measure': 15, 'h': 12, 'barrier': 1}",-1,-1,{},16,51,"{'rz': 54, 'cx': 34, 'sx': 32, 'measure': 15, 'x': 1, 'barrier': 1}",27,53,"{'rz': 58, 'cx': 33, 'sx': 32, 'measure': 15, 'x': 1, 'barrier': 1}",127,57,"{'rz': 60, 'cx': 36, 'sx': 32, 'measure': 15, 'x': 3, 'barrier': 1}"
dj,17,19,"{'u2': 21, 'cx': 16, 'measure': 16, 'h': 12, 'barrier': 1}",-1,-1,{},-1,-1,{},27,67,"{'rz': 65, 'cx': 47, 'sx': 35, 'measure': 16, 'x': 2, 'barrier': 1}",127,61,"{'rz': 61, 'cx': 39, 'sx': 35, 'measure': 16, 'x': 3, 'barrier': 1}"
dj,18,20,"{'u2': 21, 'cx': 17, 'measure': 17, 'h': 14, 'barrier': 1}",-1,-1,{},-1,-1,{},27,69,"{'rz': 66, 'cx': 43, 'sx': 37, 'measure': 17, 'x': 2, 'barrier': 1}",127,70,"{'rz': 67, 'cx': 41, 'sx': 38, 'measure': 17, 'x': 2, 'barrier': 1}"
dj,19,21,"{'u2': 21, 'cx': 18, 'measure': 18, 'h': 16, 'barrier': 1}",-1,-1,{},-1,-1,{},27,79,"{'rz': 74, 'cx': 47, 'sx': 41, 'measure': 18, 'x': 4, 'barrier': 1}",127,67,"{'rz': 70, 'cx': 50, 'sx': 39, 'measure': 18, 'x': 2, 'barrier': 1}"
dj,2,4,"{'u2': 3, 'cx': 1, 'barrier': 1, 'measure': 1}",7,7,"{'rz': 5, 'sx': 3, 'cx': 1, 'barrier': 1, 'measure': 1}",16,7,"{'rz': 5, 'sx': 3, 'cx': 1, 'barrier': 1, 'measure': 1}",27,7,"{'rz': 5, 'sx': 3, 'cx': 1, 'barrier': 1, 'measure': 1}",127,7,"{'rz': 5, 'sx': 3, 'cx': 1, 'barrier': 1, 'measure': 1}"
dj,20,22,"{'u2': 21, 'cx': 19, 'measure': 19, 'h': 18, 'barrier': 1}",-1,-1,{},-1,-1,{},27,86,"{'rz': 76, 'cx': 52, 'sx': 43, 'measure': 19, 'x': 4, 'barrier': 1}",127,85,"{'rz': 72, 'cx': 58, 'sx': 41, 'measure': 19, 'x': 6, 'barrier': 1}"
dj,21,23,"{'u2': 21, 'h': 20, 'cx': 20, 'measure': 20, 'barrier': 1}",-1,-1,{},-1,-1,{},27,78,"{'rz': 77, 'cx': 64, 'sx': 42, 'measure': 20, 'x': 1, 'barrier': 1}",127,79,"{'rz': 80, 'cx': 51, 'sx': 43, 'measure': 20, 'x': 5, 'barrier': 1}"
dj,22,24,"{'h': 22, 'u2': 21, 'cx': 21, 'measure': 21, 'barrier': 1}",-1,-1,{},-1,-1,{},27,84,"{'rz': 87, 'cx': 53, 'sx': 47, 'measure': 21, 'x': 4, 'barrier': 1}",127,90,"{'rz': 81, 'cx': 62, 'sx': 45, 'measure': 21, 'x': 2, 'barrier': 1}"
dj,23,25,"{'u2': 23, 'h': 22, 'cx': 22, 'measure': 22, 'barrier': 1}",-1,-1,{},-1,-1,{},27,91,"{'rz': 85, 'cx': 61, 'sx': 48, 'measure': 22, 'x': 4, 'barrier': 1}",127,82,"{'rz': 81, 'cx': 66, 'sx': 47, 'measure': 22, 'x': 3, 'barrier': 1}"
dj,24,26,"{'h': 24, 'u2': 23, 'cx': 23, 'measure': 23, 'barrier': 1}",-1,-1,{},-1,-1,{},27,106,"{'rz': 92, 'cx': 70, 'sx': 50, 'measure': 23, 'x': 5, 'barrier': 1}",127,79,"{'rz': 88, 'cx': 55, 'sx': 50, 'measure': 23, 'x': 3, 'barrier': 1}"
dj,25,27,"{'h': 26, 'cx': 24, 'measure': 24, 'u2': 23, 'barrier': 1}",-1,-1,{},-1,-1,{},27,91,"{'rz': 89, 'cx': 66, 'sx': 50, 'measure': 24, 'x': 1, 'barrier': 1}",127,100,"{'rz': 92, 'cx': 66, 'sx': 51, 'measure': 24, 'x': 7, 'barrier': 1}"
dj,26,28,"{'h': 26, 'u2': 25, 'cx': 25, 'measure': 25, 'barrier': 1}",-1,-1,{},-1,-1,{},27,108,"{'rz': 102, 'cx': 72, 'sx': 56, 'measure': 25, 'x': 6, 'barrier': 1}",127,109,"{'rz': 100, 'cx': 72, 'sx': 56, 'measure': 25, 'x': 5, 'barrier': 1}"
dj,27,29,"{'u2': 27, 'h': 26, 'cx': 26, 'measure': 26, 'barrier': 1}",-1,-1,{},-1,-1,{},27,123,"{'rz': 105, 'cx': 86, 'sx': 58, 'measure': 26, 'x': 5, 'barrier': 1}",127,107,"{'rz': 104, 'cx': 66, 'sx': 58, 'measure': 26, 'x': 3, 'barrier': 1}"
dj,3,5,"{'u2': 5, 'cx': 2, 'measure': 2, 'barrier': 1}",7,8,"{'rz': 8, 'sx': 5, 'cx': 2, 'measure': 2, 'barrier': 1}",16,8,"{'rz': 8, 'sx': 5, 'cx': 2, 'measure': 2, 'barrier': 1}",27,8,"{'rz': 8, 'sx': 5, 'cx': 2, 'measure': 2, 'barrier': 1}",127,8,"{'rz': 8, 'sx': 5, 'cx': 2, 'measure': 2, 'barrier': 1}"
dj,4,6,"{'u2': 5, 'cx': 3, 'measure': 3, 'h': 2, 'barrier': 1}",7,9,"{'rz': 11, 'sx': 7, 'cx': 3, 'measure': 3, 'barrier': 1}",16,9,"{'rz': 11, 'sx': 7, 'cx': 3, 'measure': 3, 'barrier': 1}",27,9,"{'rz': 11, 'sx': 7, 'cx': 3, 'measure': 3, 'barrier': 1}",127,9,"{'rz': 11, 'sx': 7, 'cx': 3, 'measure': 3, 'barrier': 1}"
dj,5,7,"{'u2': 7, 'cx': 4, 'measure': 4, 'h': 2, 'barrier': 1}",7,16,"{'rz': 18, 'sx': 10, 'cx': 5, 'measure': 4, 'x': 1, 'barrier': 1}",16,13,"{'rz': 14, 'sx': 9, 'cx': 7, 'measure': 4, 'barrier': 1}",27,14,"{'rz': 14, 'sx': 9, 'cx': 7, 'measure': 4, 'barrier': 1}",127,14,"{'rz': 15, 'sx': 9, 'cx': 7, 'measure': 4, 'barrier': 1}"
dj,6,8,"{'u2': 7, 'cx': 5, 'measure': 5, 'h': 4, 'barrier': 1}",7,18,"{'rz': 20, 'sx': 12, 'cx': 7, 'measure': 5, 'x': 1, 'barrier': 1}",16,15,"{'rz': 19, 'sx': 11, 'cx': 11, 'measure': 5, 'barrier': 1}",27,17,"{'rz': 19, 'sx': 11, 'cx': 11, 'measure': 5, 'barrier': 1}",127,16,"{'rz': 18, 'sx': 11, 'cx': 9, 'measure': 5, 'barrier': 1}"
dj,7,9,"{'u2': 9, 'cx': 6, 'measure': 6, 'h': 4, 'barrier': 1}",7,17,"{'rz': 21, 'sx': 13, 'cx': 10, 'measure': 6, 'barrier': 1}",16,19,"{'rz': 21, 'sx': 13, 'cx': 13, 'measure': 6, 'barrier': 1}",27,24,"{'rz': 22, 'cx': 15, 'sx': 13, 'measure': 6, 'barrier': 1}",127,22,"{'rz': 25, 'sx': 14, 'cx': 8, 'measure': 6, 'x': 1, 'barrier': 1}"
dj,8,10,"{'u2': 11, 'cx': 7, 'measure': 7, 'h': 4, 'barrier': 1}",-1,-1,{},16,26,"{'rz': 26, 'cx': 17, 'sx': 15, 'measure': 7, 'barrier': 1}",27,29,"{'rz': 29, 'sx': 17, 'cx': 12, 'measure': 7, 'x': 3, 'barrier': 1}",127,30,"{'rz': 28, 'sx': 16, 'cx': 15, 'measure': 7, 'x': 1, 'barrier': 1}"
dj,9,11,"{'u2': 11, 'cx': 8, 'measure': 8, 'h': 6, 'barrier': 1}",-1,-1,{},16,27,"{'rz': 30, 'sx': 18, 'cx': 14, 'measure': 8, 'x': 2, 'barrier': 1}",27,27,"{'rz': 28, 'cx': 19, 'sx': 17, 'measure': 8, 'barrier': 1}",127,32,"{'rz': 29, 'sx': 18, 'cx': 18, 'measure': 8, 'x': 1, 'barrier': 1}"
ghz,10,11,"{'measure': 10, 'cx': 9, 'h': 1, 'barrier': 1}",-1,-1,{},16,13,"{'measure': 10, 'cx': 9, 'rz': 2, 'sx': 1, 'barrier': 1}",27,13,"{'measure': 10, 'cx': 9, 'rz': 2, 'sx': 1, 'barrier': 1}",127,13,"{'measure': 10, 'cx': 9, 'rz': 2, 'sx': 1, 'barrier': 1}"
ghz,11,12,"{'measure': 11, 'cx': 10, 'h': 1, 'barrier': 1}",-1,-1,{},16,14,"{'measure': 11, 'cx': 10, 'rz': 2, 'sx': 1, 'barrier': 1}",27,14,"{'measure': 11, 'cx': 10, 'rz': 2, 'sx': 1, 'barrier': 1}",127,14,"{'measure': 11, 'cx': 10, 'rz': 2, 'sx': 1, 'barrier': 1}"
ghz,12,13,"{'measure': 12, 'cx': 11, 'h': 1, 'barrier': 1}",-1,-1,{},16,15,"{'measure': 12, 'cx': 11, 'rz': 2, 'sx': 1, 'barrier': 1}",27,15,"{'measure': 12, 'cx': 11, 'rz': 2, 'sx': 1, 'barrier': 1}",127,15,"{'measure': 12, 'cx': 11, 'rz': 2, 'sx': 1, 'barrier': 1}"
ghz,13,14,"{'measure': 13, 'cx': 12, 'h': 1, 'barrier': 1}",-1,-1,{},16,16,"{'measure': 13, 'cx': 12, 'rz': 2, 'sx': 1, 'barrier': 1}",27,16,"{'measure': 13, 'cx': 12, 'rz': 2, 'sx': 1, 'barrier': 1}",127,16,"{'measure': 13, 'cx': 12, 'rz': 2, 'sx': 1, 'barrier': 1}"
ghz,14,15,"{'measure': 14, 'cx': 13, 'h': 1, 'barrier': 1}",-1,-1,{},16,23,"{'cx': 14, 'measure': 14, 'rz': 7, 'sx': 5, 'barrier': 1}",27,17,"{'measure': 14, 'cx': 13, 'rz': 2, 'sx': 1, 'barrier': 1}",127,17,"{'measure': 14, 'cx': 13, 'rz': 2, 'sx': 1, 'barrier': 1}"
ghz,15,16,"{'measure': 15, 'cx': 14, 'h': 1, 'barrier': 1}",-1,-1,{},16,32,"{'cx': 16, 'measure': 15, 'rz': 14, 'sx': 9, 'barrier': 1}",27,18,"{'measure': 15, 'cx': 14, 'rz': 2, 'sx': 1, 'barrier': 1}",127,18,"{'measure': 15, 'cx': 14, 'rz': 2, 'sx': 1, 'barrier': 1}"
ghz,16,17,"{'measure': 16, 'cx': 15, 'h': 1, 'barrier': 1}",-1,-1,{},16,36,"{'cx': 20, 'measure': 16, 'rz': 14, 'sx': 9, 'x': 1, 'barrier': 1}",27,19,"{'measure': 16, 'cx': 15, 'rz': 2, 'sx': 1, 'barrier': 1}",127,19,"{'measure': 16, 'cx': 15, 'rz': 2, 'sx': 1, 'barrier': 1}"
ghz,17,18,"{'measure': 17, 'cx': 16, 'h': 1, 'barrier': 1}",-1,-1,{},-1,-1,{},27,20,"{'measure': 17, 'cx': 16, 'rz': 2, 'sx': 1, 'barrier': 1}",127,20,"{'measure': 17, 'cx': 16, 'rz': 2, 'sx': 1, 'barrier': 1}"
ghz,18,19,"{'measure': 18, 'cx': 17, 'h': 1, 'barrier': 1}",-1,-1,{},-1,-1,{},27,21,"{'measure': 18, 'cx': 17, 'rz': 2, 'sx': 1, 'barrier': 1}",127,21,"{'measure': 18, 'cx': 17, 'rz': 2, 'sx': 1, 'barrier': 1}"
ghz,19,20,"{'measure': 19, 'cx': 18, 'h': 1, 'barrier': 1}",-1,-1,{},-1,-1,{},27,22,"{'measure': 19, 'cx': 18, 'rz': 2, 'sx': 1, 'barrier': 1}",127,22,"{'measure': 19, 'cx': 18, 'rz': 2, 'sx': 1, 'barrier': 1}"
ghz,2,3,"{'measure': 2, 'h': 1, 'cx': 1, 'barrier': 1}",7,5,"{'rz': 2, 'measure': 2, 'sx': 1, 'cx': 1, 'barrier': 1}",16,5,"{'rz': 2, 'measure': 2, 'sx': 1, 'cx': 1, 'barrier': 1}",27,5,"{'rz': 2, 'measure': 2, 'sx': 1, 'cx': 1, 'barrier': 1}",127,5,"{'rz': 2, 'measure': 2, 'sx': 1, 'cx': 1, 'barrier': 1}"
ghz,20,21,"{'measure': 20, 'cx': 19, 'h': 1, 'barrier': 1}",-1,-1,{},-1,-1,{},27,23,"{'measure': 20, 'cx': 19, 'rz': 2, 'sx': 1, 'barrier': 1}",127,23,"{'measure': 20, 'cx': 19, 'rz': 2, 'sx': 1, 'barrier': 1}"
ghz,21,22,"{'measure': 21, 'cx': 20, 'h': 1, 'barrier': 1}",-1,-1,{},-1,-1,{},27,24,"{'measure': 21, 'cx': 20, 'rz': 2, 'sx': 1, 'barrier': 1}",127,24,"{'measure': 21, 'cx': 20, 'rz': 2, 'sx': 1, 'barrier': 1}"
ghz,22,23,"{'measure': 22, 'cx': 21, 'h': 1, 'barrier': 1}",-1,-1,{},-1,-1,{},27,63,"{'cx': 42, 'measure': 22, 'rz': 19, 'sx': 13, 'barrier': 1}",127,25,"{'measure': 22, 'cx': 21, 'rz': 2, 'sx': 1, 'barrier': 1}"
ghz,23,24,"{'measure': 23, 'cx': 22, 'h': 1, 'barrier': 1}",-1,-1,{},-1,-1,{},27,62,"{'cx': 49, 'measure': 23, 'rz': 17, 'sx': 13, 'barrier': 1}",127,26,"{'measure': 23, 'cx': 22, 'rz': 2, 'sx': 1, 'barrier': 1}"
ghz,24,25,"{'measure': 24, 'cx': 23, 'h': 1, 'barrier': 1}",-1,-1,{},-1,-1,{},27,71,"{'cx': 45, 'rz': 24, 'measure': 24, 'sx': 17, 'barrier': 1}",127,27,"{'measure': 24, 'cx': 23, 'rz': 2, 'sx': 1, 'barrier': 1}"
ghz,25,26,"{'measure': 25, 'cx': 24, 'h': 1, 'barrier': 1}",-1,-1,{},-1,-1,{},27,61,"{'cx': 42, 'measure': 25, 'rz': 17, 'sx': 13, 'barrier': 1}",127,28,"{'measure': 25, 'cx': 24, 'rz': 2, 'sx': 1, 'barrier': 1}"
ghz,26,27,"{'measure': 26, 'cx': 25, 'h': 1, 'barrier': 1}",-1,-1,{},-1,-1,{},27,88,"{'cx': 68, 'measure': 26, 'rz': 24, 'sx': 17, 'barrier': 1}",127,29,"{'measure': 26, 'cx': 25, 'rz': 2, 'sx': 1, 'barrier': 1}"
ghz,27,28,"{'measure': 27, 'cx': 26, 'h': 1, 'barrier': 1}",-1,-1,{},-1,-1,{},27,68,"{'cx': 47, 'measure': 27, 'rz': 19, 'sx': 13, 'barrier': 1}",127,30,"{'measure': 27, 'cx': 26, 'rz': 2, 'sx': 1, 'barrier': 1}"
ghz,3,4,"{'measure': 3, 'cx': 2, 'h': 1, 'barrier': 1}",7,6,"{'measure': 3, 'rz': 2, 'cx': 2, 'sx': 1, 'barrier': 1}",16,6,"{'measure': 3, 'rz': 2, 'cx': 2, 'sx': 1, 'barrier': 1}",27,6,"{'measure': 3, 'rz': 2, 'cx': 2, 'sx': 1, 'barrier': 1}",127,6,"{'measure': 3, 'rz': 2, 'cx': 2, 'sx': 1, 'barrier': 1}"
ghz,4,5,"{'measure': 4, 'cx': 3, 'h': 1, 'barrier': 1}",7,7,"{'measure': 4, 'cx': 3, 'rz': 2, 'sx': 1, 'barrier': 1}",16,7,"{'measure': 4, 'cx': 3, 'rz': 2, 'sx': 1, 'barrier': 1}",27,7,"{'measure': 4, 'cx': 3, 'rz': 2, 'sx': 1, 'barrier': 1}",127,7,"{'measure': 4, 'cx': 3, 'rz': 2, 'sx': 1, 'barrier': 1}"
ghz,5,6,"{'measure': 5, 'cx': 4, 'h': 1, 'barrier': 1}",7,8,"{'measure': 5, 'cx': 4, 'rz': 2, 'sx': 1, 'barrier': 1}",16,8,"{'measure': 5, 'cx': 4, 'rz': 2, 'sx': 1, 'barrier': 1}",27,8,"{'measure': 5, 'cx': 4, 'rz': 2, 'sx': 1, 'barrier': 1}",127,8,"{'measure': 5, 'cx': 4, 'rz': 2, 'sx': 1, 'barrier': 1}"
ghz,6,7,"{'measure': 6, 'cx': 5, 'h': 1, 'barrier': 1}",7,12,"{'cx': 8, 'measure': 6, 'rz': 2, 'sx': 1, 'barrier': 1}",16,9,"{'measure': 6, 'cx': 5, 'rz': 2, 'sx': 1, 'barrier': 1}",27,9,"{'measure': 6, 'cx': 5, 'rz': 2, 'sx': 1, 'barrier': 1}",127,9,"{'measure': 6, 'cx': 5, 'rz': 2, 'sx': 1, 'barrier': 1}"
ghz,7,8,"{'measure': 7, 'cx': 6, 'h': 1, 'barrier': 1}",7,19,"{'cx': 10, 'rz': 7, 'measure': 7, 'sx': 5, 'barrier': 1}",16,10,"{'measure': 7, 'cx': 6, 'rz': 2, 'sx': 1, 'barrier': 1}",27,10,"{'measure': 7, 'cx': 6, 'rz': 2, 'sx': 1, 'barrier': 1}",127,10,"{'measure': 7, 'cx': 6, 'rz': 2, 'sx': 1, 'barrier': 1}"
ghz,8,9,"{'measure': 8, 'cx': 7, 'h': 1, 'barrier': 1}",-1,-1,{},16,11,"{'measure': 8, 'cx': 7, 'rz': 2, 'sx': 1, 'barrier': 1}",27,11,"{'measure': 8, 'cx': 7, 'rz': 2, 'sx': 1, 'barrier': 1}",127,11,"{'measure': 8, 'cx': 7, 'rz': 2, 'sx': 1, 'barrier': 1}"
ghz,9,10,"{'measure': 9, 'cx': 8, 'h': 1, 'barrier': 1}",-1,-1,{},16,12,"{'measure': 9, 'cx': 8, 'rz': 2, 'sx': 1, 'barrier': 1}",27,12,"{'measure': 9, 'cx': 8, 'rz': 2, 'sx': 1, 'barrier': 1}",127,12,"{'measure': 9, 'cx': 8, 'rz': 2, 'sx': 1, 'barrier': 1}"
graphstate,10,8,"{'h': 10, 'cz': 10, 'measure': 10, 'barrier': 1}",-1,-1,{},16,19,"{'rz': 20, 'cx': 16, 'sx': 10, 'measure': 10, 'barrier': 1}",27,22,"{'rz': 20, 'cx': 16, 'sx': 10, 'measure': 10, 'barrier': 1}",127,40,"{'rz': 34, 'cx': 26, 'sx': 18, 'measure': 10, 'x': 1, 'barrier': 1}"
graphstate,11,7,"{'h': 11, 'cz': 11, 'measure': 11, 'barrier': 1}",-1,-1,{},16,30,"{'rz': 34, 'cx': 26, 'sx': 17, 'measure': 11, 'barrier': 1}",27,22,"{'rz': 43, 'sx': 24, 'cx': 23, 'measure': 11, 'x': 3, 'barrier': 1}",127,27,"{'rz': 34, 'cx': 29, 'sx': 17, 'measure': 11, 'barrier': 1}"
graphstate,12,6,"{'h': 12, 'cz': 12, 'measure': 12, 'barrier': 1}",-1,-1,{},16,20,"{'rz': 24, 'sx': 12, 'cx': 12, 'measure': 12, 'barrier': 1}",27,20,"{'rz': 24, 'sx': 12, 'cx': 12, 'measure': 12, 'barrier': 1}",127,20,"{'rz': 24, 'sx': 12, 'cx': 12, 'measure': 12, 'barrier': 1}"
graphstate,13,5,"{'h': 13, 'cz': 13, 'measure': 13, 'barrier': 1}",-1,-1,{},16,23,"{'rz': 44, 'sx': 23, 'cx': 23, 'measure': 13, 'x': 1, 'barrier': 1}",27,19,"{'rz': 42, 'cx': 25, 'sx': 21, 'measure': 13, 'barrier': 1}",127,23,"{'rz': 40, 'cx': 23, 'sx': 21, 'measure': 13, 'barrier': 1}"
graphstate,14,8,"{'h': 14, 'cz': 14, 'measure': 14, 'barrier': 1}",-1,-1,{},16,29,"{'rz': 51, 'cx': 33, 'sx': 26, 'measure': 14, 'x': 1, 'barrier': 1}",27,30,"{'rz': 54, 'cx': 34, 'sx': 29, 'measure': 14, 'x': 2, 'barrier': 1}",127,34,"{'cx': 44, 'rz': 32, 'sx': 16, 'measure': 14, 'barrier': 1}"
graphstate,15,9,"{'h': 15, 'cz': 15, 'measure': 15, 'barrier': 1}",-1,-1,{},16,29,"{'rz': 37, 'cx': 22, 'sx': 20, 'measure': 15, 'barrier': 1}",27,42,"{'rz': 46, 'cx': 28, 'sx': 25, 'measure': 15, 'barrier': 1}",127,43,"{'rz': 62, 'cx': 51, 'sx': 33, 'measure': 15, 'x': 3, 'barrier': 1}"
graphstate,16,7,"{'h': 16, 'cz': 16, 'measure': 16, 'barrier': 1}",-1,-1,{},16,27,"{'rz': 60, 'cx': 37, 'sx': 33, 'measure': 16, 'x': 2, 'barrier': 1}",27,31,"{'rz': 59, 'cx': 36, 'sx': 31, 'measure': 16, 'x': 1, 'barrier': 1}",127,29,"{'rz': 61, 'cx': 47, 'sx': 31, 'measure': 16, 'barrier': 1}"
graphstate,17,6,"{'h': 17, 'cz': 17, 'measure': 17, 'barrier': 1}",-1,-1,{},-1,-1,{},27,29,"{'rz': 46, 'cx': 41, 'sx': 23, 'measure': 17, 'barrier': 1}",127,36,"{'rz': 54, 'cx': 42, 'sx': 28, 'measure': 17, 'x': 1, 'barrier': 1}"
graphstate,18,7,"{'h': 18, 'cz': 18, 'measure': 18, 'barrier': 1}",-1,-1,{},-1,-1,{},27,25,"{'rz': 56, 'cx': 35, 'sx': 30, 'measure': 18, 'x': 2, 'barrier': 1}",127,39,"{'rz': 67, 'cx': 63, 'sx': 35, 'measure': 18, 'x': 2, 'barrier': 1}"
graphstate,19,7,"{'h': 19, 'cz': 19, 'measure': 19, 'barrier': 1}",-1,-1,{},-1,-1,{},27,27,"{'rz': 50, 'cx': 36, 'sx': 29, 'measure': 19, 'barrier': 1}",127,36,"{'rz': 62, 'cx': 46, 'sx': 36, 'measure': 19, 'x': 1, 'barrier': 1}"
graphstate,20,9,"{'h': 20, 'cz': 20, 'measure': 20, 'barrier': 1}",-1,-1,{},-1,-1,{},27,29,"{'rz': 40, 'sx': 20, 'cx': 20, 'measure': 20, 'barrier': 1}",127,29,"{'rz': 40, 'sx': 20, 'cx': 20, 'measure': 20, 'barrier': 1}"
graphstate,21,7,"{'h': 21, 'cz': 21, 'measure': 21, 'barrier': 1}",-1,-1,{},-1,-1,{},27,44,"{'rz': 60, 'cx': 46, 'sx': 31, 'measure': 21, 'x': 1, 'barrier': 1}",127,45,"{'cx': 75, 'rz': 62, 'sx': 31, 'measure': 21, 'barrier': 1}"
graphstate,22,8,"{'h': 22, 'cz': 22, 'measure': 22, 'barrier': 1}",-1,-1,{},-1,-1,{},27,43,"{'rz': 60, 'cx': 48, 'sx': 33, 'measure': 22, 'x': 1, 'barrier': 1}",127,38,"{'rz': 78, 'cx': 63, 'sx': 41, 'measure': 22, 'x': 1, 'barrier': 1}"
graphstate,23,6,"{'h': 23, 'cz': 23, 'measure': 23, 'barrier': 1}",-1,-1,{},-1,-1,{},27,25,"{'rz': 68, 'cx': 38, 'sx': 36, 'measure': 23, 'x': 2, 'barrier': 1}",127,27,"{'rz': 71, 'cx': 63, 'sx': 36, 'measure': 23, 'x': 1, 'barrier': 1}"
graphstate,24,8,"{'h': 24, 'cz': 24, 'measure': 24, 'barrier': 1}",-1,-1,{},-1,-1,{},27,57,"{'rz': 72, 'cx': 57, 'sx': 36, 'measure': 24, 'barrier': 1}",127,43,"{'rz': 95, 'cx': 90, 'sx': 52, 'measure': 24, 'x': 1, 'barrier': 1}"
graphstate,25,7,"{'h': 25, 'cz': 25, 'measure': 25, 'barrier': 1}",-1,-1,{},-1,-1,{},27,25,"{'rz': 80, 'cx': 53, 'sx': 41, 'measure': 25, 'x': 1, 'barrier': 1}",127,40,"{'rz': 81, 'cx': 71, 'sx': 42, 'measure': 25, 'barrier': 1}"
graphstate,26,8,"{'h': 26, 'cz': 26, 'measure': 26, 'barrier': 1}",-1,-1,{},-1,-1,{},27,71,"{'rz': 92, 'cx': 64, 'sx': 49, 'measure': 26, 'x': 1, 'barrier': 1}",127,57,"{'cx': 102, 'rz': 87, 'sx': 44, 'measure': 26, 'x': 1, 'barrier': 1}"
graphstate,27,8,"{'h': 27, 'cz': 27, 'measure': 27, 'barrier': 1}",-1,-1,{},-1,-1,{},27,57,"{'rz': 87, 'cx': 68, 'sx': 45, 'measure': 27, 'x': 1, 'barrier': 1}",127,47,"{'rz': 91, 'cx': 86, 'sx': 49, 'measure': 27, 'barrier': 1}"
graphstate,3,5,"{'h': 3, 'cz': 3, 'measure': 3, 'barrier': 1}",7,15,"{'rz': 6, 'cx': 6, 'sx': 3, 'measure': 3, 'barrier': 1}",16,19,"{'rz': 10, 'cx': 6, 'sx': 5, 'measure': 3, 'barrier': 1}",27,19,"{'rz': 10, 'cx': 6, 'sx': 5, 'measure': 3, 'barrier': 1}",127,15,"{'rz': 6, 'cx': 6, 'sx': 3, 'measure': 3, 'barrier': 1}"
graphstate,4,5,"{'h': 4, 'cz': 4, 'measure': 4, 'barrier': 1}",7,20,"{'rz': 12, 'cx': 7, 'sx': 6, 'measure': 4, 'barrier': 1}",16,20,"{'rz': 12, 'cx': 7, 'sx': 6, 'measure': 4, 'barrier': 1}",27,20,"{'rz': 12, 'cx': 7, 'sx': 6, 'measure': 4, 'barrier': 1}",127,20,"{'rz': 12, 'cx': 7, 'sx': 6, 'measure': 4, 'barrier': 1}"
graphstate,5,6,"{'h': 5, 'cz': 5, 'measure': 5, 'barrier': 1}",7,21,"{'rz': 18, 'cx': 11, 'sx': 9, 'measure': 5, 'barrier': 1}",16,20,"{'rz': 18, 'cx': 11, 'sx': 9, 'measure': 5, 'barrier': 1}",27,19,"{'rz': 17, 'sx': 9, 'cx': 9, 'measure': 5, 'x': 1, 'barrier': 1}",127,20,"{'rz': 17, 'sx': 11, 'cx': 9, 'measure': 5, 'barrier': 1}"
graphstate,6,7,"{'h': 6, 'cz': 6, 'measure': 6, 'barrier': 1}",7,27,"{'rz': 18, 'cx': 13, 'sx': 10, 'measure': 6, 'x': 1, 'barrier': 1}",16,30,"{'rz': 24, 'cx': 15, 'sx': 12, 'measure': 6, 'barrier': 1}",27,30,"{'rz': 22, 'cx': 13, 'sx': 12, 'measure': 6, 'x': 1, 'barrier': 1}",127,27,"{'rz': 29, 'sx': 17, 'cx': 12, 'measure': 6, 'x': 2, 'barrier': 1}"
graphstate,7,5,"{'h': 7, 'cz': 7, 'measure': 7, 'barrier': 1}",7,20,"{'rz': 18, 'cx': 13, 'sx': 9, 'measure': 7, 'barrier': 1}",16,20,"{'rz': 18, 'cx': 13, 'sx': 9, 'measure': 7, 'barrier': 1}",27,20,"{'rz': 18, 'cx': 13, 'sx': 9, 'measure': 7, 'barrier': 1}",127,20,"{'rz': 22, 'cx': 13, 'sx': 11, 'measure': 7, 'barrier': 1}"
graphstate,8,6,"{'h': 8, 'cz': 8, 'measure': 8, 'barrier': 1}",-1,-1,{},16,19,"{'rz': 28, 'cx': 17, 'sx': 14, 'measure': 8, 'barrier': 1}",27,20,"{'rz': 26, 'cx': 15, 'sx': 14, 'measure': 8, 'x': 1, 'barrier': 1}",127,19,"{'rz': 30, 'sx': 16, 'cx': 15, 'measure': 8, 'x': 1, 'barrier': 1}"
graphstate,9,7,"{'h': 9, 'cz': 9, 'measure': 9, 'barrier': 1}",-1,-1,{},16,24,"{'rz': 22, 'cx': 18, 'sx': 11, 'measure': 9, 'barrier': 1}",27,27,"{'rz': 22, 'cx': 18, 'sx': 11, 'measure': 9, 'barrier': 1}",127,27,"{'rz': 26, 'cx': 24, 'sx': 13, 'measure': 9, 'barrier': 1}"
grover-noancilla,10,26029,"{'cx': 12988, 'cp': 8687, 'cu1': 4335, 'u2': 306, 'measure': 10, 'h': 9, 'x': 1, 'barrier': 1}",-1,-1,{},16,90880,"{'cx': 94366, 'rz': 53812, 'sx': 13564, 'x': 2785, 'measure': 10, 'barrier': 1}",27,95023,"{'cx': 70337, 'rz': 58057, 'sx': 17627, 'x': 3251, 'measure': 10, 'barrier': 1}",127,94342,"{'cx': 70782, 'rz': 57643, 'sx': 17006, 'x': 3954, 'measure': 10, 'barrier': 1}"
grover-noancilla,11,76677,"{'cx': 38300, 'cp': 25575, 'cu1': 12775, 'u2': 500, 'measure': 11, 'h': 10, 'x': 1, 'barrier': 1}",-1,-1,{},16,260914,"{'cx': 277637, 'rz': 156951, 'sx': 35719, 'x': 7910, 'measure': 11, 'barrier': 1}",27,303113,"{'cx': 203812, 'rz': 190048, 'sx': 63516, 'x': 15119, 'measure': 11, 'barrier': 1}",127,277439,"{'cx': 209226, 'rz': 170961, 'sx': 47470, 'x': 11027, 'measure': 11, 'barrier': 1}"
